,Time,NGA,1._Moralistic_punishment,2._Moralizing_norms,3._Promotion_of_prosociality,4._Omniscient_supernatural_beings,5._Rulers_not_gods,6._Equating_elites_and_commoners,7._Equating_rulers_and_commoners,8._Formal_legal_code,9._General_applicability_of_law,10._Constraint_on_executive,11._Full-time_bureaucrats,12._Impeachment,sum
Cambodian Basin (200),200,Cambodian Basin,0.0,1.0,1.0,,1.0,0.0,0.0,1.0,1.0,1.0,1.0,0.0,7.0
Cambodian Basin (300),300,Cambodian Basin,0.0,1.0,1.0,,1.0,0.0,0.0,1.0,1.0,1.0,1.0,0.0,7.0
Cambodian Basin (400),400,Cambodian Basin,0.0,1.0,1.0,,1.0,0.0,0.0,1.0,1.0,1.0,1.0,0.0,7.0
Cambodian Basin (500),500,Cambodian Basin,0.0,1.0,1.0,,1.0,0.0,0.0,1.0,1.0,1.0,1.0,0.0,7.0
Cambodian Basin (600),600,Cambodian Basin,0.0,1.0,1.0,,0.0,0.0,0.0,1.0,1.0,1.0,1.0,0.0,6.0
Cambodian Basin (700),700,Cambodian Basin,0.0,1.0,1.0,,0.0,0.0,0.0,1.0,1.0,1.0,1.0,0.0,6.0
Cambodian Basin (800),800,Cambodian Basin,0.0,1.0,1.0,,0.0,0.0,0.0,1.0,1.0,0.0,1.0,0.0,5.0
Cambodian Basin (900),900,Cambodian Basin,0.0,1.0,1.0,,0.0,0.0,0.0,1.0,1.0,0.0,1.0,0.0,5.0
Cambodian Basin (1000),1000,Cambodian Basin,0.0,1.0,1.0,,0.0,0.0,0.0,1.0,1.0,0.0,1.0,0.0,5.0
Cambodian Basin (1100),1100,Cambodian Basin,0.0,1.0,1.0,,0.0,0.5,0.5,1.0,1.0,0.0,1.0,0.0,6.0
Cambodian Basin (1200),1200,Cambodian Basin,1.0,1.0,1.0,0.0,1.0,0.0,0.0,1.0,1.0,0.0,1.0,0.0,7.0
Cambodian Basin (1300),1300,Cambodian Basin,1.0,1.0,1.0,0.0,1.0,0.0,0.0,1.0,1.0,0.0,1.0,0.0,7.0
Cambodian Basin (1400),1400,Cambodian Basin,1.0,1.0,1.0,0.0,1.0,0.0,0.0,1.0,1.0,0.0,1.0,0.0,7.0
Cambodian Basin (1500),1500,Cambodian Basin,1.0,1.0,1.0,0.0,1.0,0.0,0.0,1.0,1.0,0.0,1.0,0.0,7.0
Cambodian Basin (1600),1600,Cambodian Basin,0.0,1.0,1.0,0.0,1.0,0.0,0.0,1.0,1.0,1.0,1.0,0.0,7.0
Cambodian Basin (1700),1700,Cambodian Basin,0.0,1.0,1.0,0.0,1.0,0.0,0.0,1.0,1.0,1.0,1.0,0.0,7.0
Cambodian Basin (1800),1800,Cambodian Basin,0.0,1.0,1.0,0.0,1.0,0.0,0.0,1.0,1.0,1.0,1.0,0.0,7.0
Crete (-1900),-1900,Crete,,,,,,0.0,0.0,0.0,,,1.0,,1.0
Crete (-1800),-1800,Crete,,,,,,0.0,0.0,0.0,,,1.0,,1.0
Crete (-1700),-1700,Crete,,,,,0.0,0.0,0.0,0.0,,,1.0,,1.0
Crete (-1600),-1600,Crete,,,,,0.0,0.0,0.0,0.0,,,1.0,,1.0
Crete (-1500),-1500,Crete,,,,,0.0,0.0,0.0,0.0,,,1.0,,1.0
Crete (-1400),-1400,Crete,,,,,1.0,0.0,0.0,0.0,,,1.0,,2.0
Crete (-1300),-1300,Crete,,,,,1.0,0.0,0.0,0.0,,,1.0,,2.0
Crete (-1200),-1200,Crete,,,,,1.0,0.0,0.0,0.0,,,1.0,,2.0
Crete (-1100),-1100,Crete,,,,,1.0,0.0,0.0,0.0,,,1.0,,2.0
Crete (-1000),-1000,Crete,0.0,1.0,1.0,0.0,1.0,0.0,0.0,1.0,1.0,1.0,0.0,1.0,7.0
Crete (-900),-900,Crete,0.0,1.0,1.0,0.0,1.0,0.0,0.0,1.0,1.0,1.0,0.0,1.0,7.0
Crete (-800),-800,Crete,0.0,1.0,1.0,0.0,1.0,0.0,0.0,1.0,1.0,1.0,0.0,1.0,7.0
Crete (-700),-700,Crete,0.0,0.0,0.0,0.0,1.0,0.0,0.0,1.0,1.0,1.0,1.0,1.0,6.0
Crete (-600),-600,Crete,0.0,0.0,0.0,0.0,1.0,0.0,0.0,1.0,1.0,1.0,1.0,1.0,6.0
Crete (-500),-500,Crete,0.0,0.0,1.0,0.0,1.0,0.0,0.0,1.0,1.0,1.0,1.0,1.0,7.0
Crete (-400),-400,Crete,0.0,0.0,1.0,0.0,1.0,0.0,0.0,1.0,1.0,1.0,1.0,1.0,7.0
Crete (-300),-300,Crete,0.0,0.0,1.0,0.0,1.0,0.0,0.0,1.0,1.0,1.0,1.0,1.0,7.0
Crete (-200),-200,Crete,0.0,0.0,1.0,0.0,1.0,0.0,0.0,1.0,1.0,1.0,1.0,1.0,7.0
Crete (-100),-100,Crete,0.0,1.0,1.0,0.0,1.0,0.0,0.0,1.0,1.0,1.0,0.0,1.0,7.0
Crete (0),0,Crete,0.0,1.0,0.0,0.0,0.5,0.5,0.0,1.0,1.0,1.0,1.0,1.0,7.0
Crete (100),100,Crete,0.0,1.0,0.0,0.0,0.5,0.5,0.0,1.0,1.0,1.0,1.0,1.0,7.0
Crete (200),200,Crete,0.0,1.0,0.0,0.0,0.5,0.5,0.0,1.0,1.0,1.0,1.0,1.0,7.0
Crete (300),300,Crete,0.0,1.0,1.0,0.5,1.0,0.5,1.0,1.0,1.0,0.0,1.0,0.0,8.0
Crete (400),400,Crete,1.0,1.0,1.0,1.0,0.0,0.5,0.0,1.0,1.0,0.0,1.0,0.0,7.5
Crete (500),500,Crete,1.0,1.0,1.0,1.0,0.0,0.5,0.0,1.0,1.0,0.0,1.0,0.0,7.5
Crete (600),600,Crete,1.0,1.0,1.0,1.0,0.0,0.5,0.0,1.0,1.0,0.0,1.0,0.0,7.5
Crete (700),700,Crete,1.0,1.0,1.0,1.0,0.0,0.5,0.0,1.0,1.0,0.0,1.0,0.0,7.5
Crete (800),800,Crete,1.0,1.0,1.0,1.0,0.0,0.5,0.0,1.0,1.0,0.0,1.0,0.0,7.5
Crete (900),900,Crete,1.0,1.0,1.0,1.0,0.0,0.5,0.0,1.0,1.0,0.0,1.0,0.0,7.5
Crete (1000),1000,Crete,1.0,1.0,1.0,1.0,0.0,0.5,0.0,1.0,1.0,0.0,1.0,0.0,7.5
Crete (1100),1100,Crete,1.0,1.0,1.0,1.0,0.0,0.5,0.0,1.0,1.0,0.0,1.0,0.0,7.5
Crete (1200),1200,Crete,1.0,1.0,1.0,1.0,0.0,0.5,0.0,1.0,1.0,0.0,1.0,0.0,7.5
Crete (1300),1300,Crete,1.0,1.0,1.0,1.0,0.0,0.5,0.0,1.0,1.0,0.0,1.0,0.0,7.5
Crete (1400),1400,Crete,1.0,1.0,1.0,1.0,0.0,0.5,0.0,1.0,1.0,0.0,1.0,0.0,7.5
Crete (1500),1500,Crete,0.5,1.0,1.0,1.0,1.0,1.0,1.0,1.0,1.0,0.0,1.0,0.0,9.5
Crete (1600),1600,Crete,0.5,1.0,1.0,1.0,1.0,1.0,1.0,1.0,1.0,0.0,1.0,0.0,9.5
Crete (1700),1700,Crete,0.5,1.0,1.0,1.0,1.0,1.0,1.0,1.0,1.0,0.0,1.0,0.0,9.5
Crete (1800),1800,Crete,0.5,1.0,1.0,1.0,1.0,1.0,1.0,1.0,1.0,0.0,1.0,0.0,9.5
Galilee (-1600),-1600,Galilee,0.0,1.0,1.0,0.0,0.0,1.0,0.0,1.0,1.0,0.5,1.0,0.0,6.5
Galilee (-1500),-1500,Galilee,0.0,1.0,1.0,0.0,0.0,1.0,0.0,1.0,1.0,0.5,1.0,0.0,6.5
Galilee (-1400),-1400,Galilee,0.0,1.0,1.0,0.0,0.0,1.0,0.0,1.0,1.0,0.5,1.0,0.0,6.5
Galilee (-1300),-1300,Galilee,0.0,1.0,1.0,0.0,0.0,1.0,0.0,1.0,1.0,0.5,1.0,0.0,6.5
Galilee (-1200),-1200,Galilee,0.0,1.0,1.0,0.0,0.0,1.0,0.0,1.0,1.0,0.5,1.0,0.0,6.5
Galilee (-1100),-1100,Galilee,0.0,1.0,1.0,0.0,0.0,1.0,0.0,1.0,1.0,0.5,1.0,0.0,6.5
Galilee (-1000),-1000,Galilee,0.5,1.0,1.0,0.5,1.0,0.0,0.0,1.0,1.0,0.5,0.5,0.5,7.5
Galilee (-900),-900,Galilee,0.5,1.0,1.0,0.5,1.0,0.0,0.0,1.0,1.0,0.5,0.5,0.5,7.5
Galilee (-800),-800,Galilee,0.5,1.0,1.0,0.5,1.0,0.0,0.0,1.0,1.0,0.5,0.5,0.5,7.5
Galilee (-700),-700,Galilee,0.5,1.0,1.0,0.0,0.0,1.0,0.0,0.5,1.0,1.0,1.0,0.0,7.0
Galilee (-600),-600,Galilee,0.0,1.0,1.0,1.0,1.0,0.5,0.0,1.0,1.0,0.5,1.0,0.0,8.0
Galilee (-500),-500,Galilee,0.0,1.0,1.0,1.0,1.0,0.0,0.0,1.0,1.0,0.0,1.0,0.0,7.0
Galilee (-400),-400,Galilee,0.0,1.0,1.0,1.0,1.0,0.0,0.0,1.0,1.0,0.0,1.0,0.0,7.0
Galilee (-300),-300,Galilee,0.0,1.0,1.0,0.0,0.0,0.6,1.0,1.0,1.0,0.0,1.0,0.0,6.6
Galilee (-200),-200,Galilee,0.0,1.0,1.0,0.0,0.0,1.0,1.0,1.0,1.0,0.0,1.0,0.0,7.0
Galilee (-100),-100,Galilee,0.5,1.0,1.0,0.0,1.0,0.0,0.0,1.0,1.0,1.0,0.0,1.0,7.5
Galilee (0),0,Galilee,0.5,1.0,0.0,0.0,0.5,0.5,0.0,1.0,1.0,1.0,1.0,1.0,7.5
Galilee (100),100,Galilee,0.5,1.0,0.0,0.0,0.5,0.5,0.0,1.0,1.0,1.0,1.0,1.0,7.5
Galilee (200),200,Galilee,0.5,1.0,0.0,0.0,0.5,0.5,0.0,1.0,1.0,1.0,1.0,1.0,7.5
Galilee (300),300,Galilee,0.5,1.0,1.0,0.5,1.0,0.5,1.0,1.0,1.0,0.0,1.0,0.0,8.5
Galilee (400),400,Galilee,1.0,1.0,1.0,1.0,0.0,0.5,0.0,1.0,1.0,0.0,1.0,0.0,7.5
Galilee (500),500,Galilee,1.0,1.0,1.0,1.0,1.0,1.0,1.0,0.5,1.0,1.0,1.0,0.0,10.5
Galilee (600),600,Galilee,1.0,1.0,1.0,1.0,0.0,1.0,0.0,1.0,1.0,1.0,1.0,0.0,9.0
Galilee (700),700,Galilee,0.5,1.0,1.0,1.0,1.0,1.0,1.0,1.0,1.0,1.0,0.5,0.0,10.0
Galilee (800),800,Galilee,0.5,1.0,1.0,1.0,1.0,1.0,1.0,1.0,1.0,1.0,1.0,0.0,10.5
Galilee (900),900,Galilee,0.5,1.0,1.0,1.0,1.0,1.0,1.0,1.0,1.0,0.0,1.0,0.0,9.5
Galilee (1000),1000,Galilee,0.5,1.0,1.0,1.0,1.0,1.0,1.0,1.0,1.0,1.0,1.0,0.0,10.5
Galilee (1100),1100,Galilee,0.5,1.0,1.0,1.0,1.0,1.0,1.0,1.0,1.0,1.0,1.0,0.0,10.5
Galilee (1200),1200,Galilee,0.5,1.0,1.0,1.0,1.0,1.0,1.0,1.0,1.0,1.0,1.0,0.0,10.5
Galilee (1300),1300,Galilee,0.5,1.0,1.0,1.0,1.0,1.0,1.0,1.0,1.0,1.0,1.0,0.0,10.5
Galilee (1400),1400,Galilee,0.5,1.0,1.0,1.0,1.0,1.0,1.0,1.0,1.0,1.0,1.0,0.0,10.5
Galilee (1500),1500,Galilee,0.5,1.0,1.0,1.0,1.0,1.0,1.0,1.0,1.0,1.0,1.0,0.0,10.5
Galilee (1600),1600,Galilee,0.5,1.0,1.0,1.0,1.0,1.0,1.0,1.0,1.0,1.0,1.0,0.0,10.5
Galilee (1700),1700,Galilee,0.5,1.0,1.0,1.0,1.0,1.0,1.0,1.0,1.0,1.0,1.0,0.0,10.5
Kachi Plain (-2500),-2500,Kachi Plain,,1.0,,,,1.0,1.0,0.0,,0.0,1.0,0.0,4.0
Kachi Plain (-2400),-2400,Kachi Plain,,1.0,,,,1.0,1.0,0.0,,0.0,1.0,0.0,4.0
Kachi Plain (-2300),-2300,Kachi Plain,,1.0,,,,1.0,1.0,0.0,,0.0,1.0,0.0,4.0
Kachi Plain (-2200),-2200,Kachi Plain,,1.0,,,,1.0,1.0,0.0,,0.0,1.0,0.0,4.0
Kachi Plain (-2100),-2100,Kachi Plain,,1.0,,,,1.0,1.0,0.0,,0.0,1.0,0.0,4.0
Kachi Plain (-2000),-2000,Kachi Plain,,1.0,,,,1.0,1.0,0.0,,0.0,1.0,0.0,4.0
Kachi Plain (-1900),-1900,Kachi Plain,,1.0,,,,1.0,1.0,0.0,,0.0,1.0,0.0,4.0
Kachi Plain (-1800),-1800,Kachi Plain,,1.0,,,,1.0,1.0,0.0,,0.0,1.0,0.0,4.0
Kachi Plain (-1700),-1700,Kachi Plain,,1.0,,,,1.0,1.0,0.0,,0.0,1.0,0.0,4.0
Kachi Plain (-1600),-1600,Kachi Plain,,1.0,,,,1.0,1.0,0.0,,0.0,1.0,0.0,4.0
Kachi Plain (-1500),-1500,Kachi Plain,,1.0,,,,1.0,1.0,0.0,,0.0,1.0,0.0,4.0
Kachi Plain (-1400),-1400,Kachi Plain,,1.0,,,,1.0,1.0,0.0,,0.0,1.0,0.0,4.0
Kachi Plain (-1300),-1300,Kachi Plain,,1.0,,,,1.0,1.0,0.0,,0.0,1.0,0.0,4.0
Kachi Plain (-1200),-1200,Kachi Plain,,1.0,,,,1.0,1.0,0.0,,0.0,1.0,0.0,4.0
Kachi Plain (-1100),-1100,Kachi Plain,,1.0,,,,1.0,1.0,0.0,,0.0,1.0,0.0,4.0
Kachi Plain (-1000),-1000,Kachi Plain,,1.0,,,,1.0,1.0,0.0,,0.0,1.0,0.0,4.0
Kachi Plain (-900),-900,Kachi Plain,,1.0,,,,1.0,1.0,0.0,,0.0,1.0,0.0,4.0
Kachi Plain (-800),-800,Kachi Plain,,1.0,,,,1.0,1.0,0.0,,0.0,1.0,0.0,4.0
Kachi Plain (-700),-700,Kachi Plain,,1.0,,,,1.0,1.0,0.0,,0.0,1.0,0.0,4.0
Kachi Plain (-600),-600,Kachi Plain,0.0,1.0,1.0,1.0,1.0,0.0,0.0,1.0,1.0,0.0,1.0,0.0,7.0
Kachi Plain (-500),-500,Kachi Plain,0.0,1.0,1.0,1.0,1.0,0.0,0.0,1.0,1.0,0.0,1.0,0.0,7.0
Kachi Plain (-400),-400,Kachi Plain,0.0,1.0,1.0,1.0,1.0,0.0,0.0,1.0,1.0,0.0,1.0,0.0,7.0
Kachi Plain (-300),-300,Kachi Plain,0.0,1.0,1.0,0.0,1.0,1.0,0.0,1.0,1.0,0.0,1.0,0.0,7.0
Kachi Plain (-200),-200,Kachi Plain,0.0,1.0,1.0,0.0,0.0,1.0,1.0,1.0,1.0,0.0,1.0,0.0,7.0
Kachi Plain (-100),-100,Kachi Plain,0.0,1.0,1.0,0.0,0.0,0.0,0.0,1.0,1.0,0.0,1.0,0.0,5.0
Kachi Plain (0),0,Kachi Plain,0.0,1.0,1.0,0.5,0.0,0.0,0.0,1.0,1.0,0.0,1.0,0.0,5.5
Kachi Plain (100),100,Kachi Plain,0.0,1.0,1.0,0.5,0.0,0.0,0.0,1.0,1.0,0.0,1.0,0.0,5.5
Kachi Plain (200),200,Kachi Plain,1.0,1.0,1.0,1.0,0.5,1.0,1.0,0.5,1.0,1.0,1.0,0.0,10.0
Kachi Plain (300),300,Kachi Plain,1.0,1.0,1.0,1.0,0.5,1.0,1.0,0.5,1.0,1.0,1.0,0.0,10.0
Kachi Plain (400),400,Kachi Plain,0.0,1.0,1.0,0.5,0.5,0.0,1.0,0.5,1.0,1.0,0.5,0.0,7.0
Kachi Plain (500),500,Kachi Plain,0.0,1.0,1.0,1.0,1.0,1.0,1.0,0.5,1.0,1.0,1.0,0.0,9.5
Kachi Plain (600),600,Kachi Plain,0.0,1.0,1.0,1.0,1.0,1.0,1.0,0.5,1.0,1.0,1.0,0.0,9.5
Kachi Plain (700),700,Kachi Plain,0.0,1.0,1.0,1.0,1.0,1.0,1.0,1.0,1.0,1.0,0.5,0.0,9.5
Kachi Plain (800),800,Kachi Plain,0.0,1.0,1.0,1.0,1.0,1.0,1.0,1.0,1.0,1.0,1.0,0.0,10.0
Kachi Plain (900),900,Kachi Plain,0.0,1.0,1.0,1.0,1.0,1.0,1.0,1.0,1.0,1.0,1.0,0.0,10.0
Kachi Plain (1000),1000,Kachi Plain,0.0,1.0,1.0,1.0,1.0,1.0,1.0,1.0,1.0,1.0,1.0,0.0,10.0
Kachi Plain (1100),1100,Kachi Plain,0.0,1.0,1.0,1.0,1.0,1.0,1.0,1.0,1.0,1.0,1.0,0.0,10.0
Kachi Plain (1200),1200,Kachi Plain,0.0,1.0,1.0,1.0,1.0,1.0,1.0,1.0,1.0,1.0,1.0,0.0,10.0
Kachi Plain (1300),1300,Kachi Plain,0.0,1.0,1.0,1.0,1.0,1.0,1.0,1.0,1.0,1.0,1.0,0.0,10.0
Kachi Plain (1400),1400,Kachi Plain,0.0,1.0,1.0,1.0,1.0,1.0,1.0,1.0,1.0,1.0,1.0,0.0,10.0
Kachi Plain (1500),1500,Kachi Plain,0.0,1.0,1.0,1.0,1.0,1.0,1.0,1.0,1.0,1.0,1.0,0.0,10.0
Kachi Plain (1600),1600,Kachi Plain,0.0,1.0,1.0,1.0,1.0,1.0,1.0,1.0,1.0,1.0,1.0,0.0,10.0
Kachi Plain (1700),1700,Kachi Plain,0.0,1.0,1.0,1.0,1.0,1.0,1.0,1.0,1.0,1.0,0.5,0.0,9.5
Kansai (-5300),-5300,Kansai,,,,,,0.0,0.0,0.0,,,0.0,,0.0
Kansai (-5200),-5200,Kansai,,,,,,0.0,0.0,0.0,,,0.0,,0.0
Kansai (-5100),-5100,Kansai,,,,,,0.0,0.0,0.0,,,0.0,,0.0
Kansai (-5000),-5000,Kansai,,,,,,0.0,0.0,0.0,,,0.0,,0.0
Kansai (-4900),-4900,Kansai,,,,,,0.0,0.0,0.0,,,0.0,,0.0
Kansai (-4800),-4800,Kansai,,,,,,0.0,0.0,0.0,,,0.0,,0.0
Kansai (-4700),-4700,Kansai,,,,,,0.0,0.0,0.0,,,0.0,,0.0
Kansai (-4600),-4600,Kansai,,,,,,0.0,0.0,0.0,,,0.0,,0.0
Kansai (-4500),-4500,Kansai,,,,,,0.0,0.0,0.0,,,0.0,,0.0
Kansai (-4400),-4400,Kansai,,,,,,0.0,0.0,0.0,,,0.0,,0.0
Kansai (-4300),-4300,Kansai,,,,,,0.0,0.0,0.0,,,0.0,,0.0
Kansai (-4200),-4200,Kansai,,,,,,0.0,0.0,0.0,,,0.0,,0.0
Kansai (-4100),-4100,Kansai,,,,,,0.0,0.0,0.0,,,0.0,,0.0
Kansai (-4000),-4000,Kansai,,,,,,0.0,0.0,0.0,,,0.0,,0.0
Kansai (-3900),-3900,Kansai,,,,,,0.0,0.0,0.0,,,0.0,,0.0
Kansai (-3800),-3800,Kansai,,,,,,0.0,0.0,0.0,,,0.0,,0.0
Kansai (-3700),-3700,Kansai,,,,,,0.0,0.0,0.0,,,0.0,,0.0
Kansai (-3600),-3600,Kansai,,,,,,0.0,0.0,0.0,,,0.0,,0.0
Kansai (-3500),-3500,Kansai,,,,,,0.0,0.0,0.0,,,0.0,,0.0
Kansai (-3400),-3400,Kansai,,,,,,0.0,0.0,0.0,,,0.0,,0.0
Kansai (-3300),-3300,Kansai,,,,,,0.0,0.0,0.0,,,0.0,,0.0
Kansai (-3200),-3200,Kansai,,,,,,0.0,0.0,0.0,,,0.0,,0.0
Kansai (-3100),-3100,Kansai,,,,,,0.0,0.0,0.0,,,0.0,,0.0
Kansai (-3000),-3000,Kansai,,,,,,0.0,0.0,0.0,,,0.0,,0.0
Kansai (-2900),-2900,Kansai,,,,,,0.0,0.0,0.0,,,0.0,,0.0
Kansai (-2800),-2800,Kansai,,,,,,0.0,0.0,0.0,,,0.0,,0.0
Kansai (-2700),-2700,Kansai,,,,,,0.0,0.0,0.0,,,0.0,,0.0
Kansai (-2600),-2600,Kansai,,,,,,0.0,0.0,0.0,,,0.0,,0.0
Kansai (-2500),-2500,Kansai,,,,,,0.0,0.0,0.0,,,0.0,,0.0
Kansai (-2400),-2400,Kansai,,,,,,0.0,0.0,0.0,,,0.0,,0.0
Kansai (-2300),-2300,Kansai,,,,,,0.0,0.0,0.0,,,0.0,,0.0
Kansai (-2200),-2200,Kansai,,,,,,0.0,0.0,0.0,,,0.0,,0.0
Kansai (-2100),-2100,Kansai,,,,,,0.0,0.0,0.0,,,0.0,,0.0
Kansai (-2000),-2000,Kansai,,,,,,0.0,0.0,0.0,,,0.0,,0.0
Kansai (-1900),-1900,Kansai,,,,,,0.0,0.0,0.0,,,0.0,,0.0
Kansai (-1800),-1800,Kansai,,,,,,0.0,0.0,0.0,,,0.0,,0.0
Kansai (-1700),-1700,Kansai,,,,,,0.0,0.0,0.0,,,0.0,,0.0
Kansai (-1600),-1600,Kansai,,,,,,0.0,0.0,0.0,,,0.0,,0.0
Kansai (-1500),-1500,Kansai,,,,,,0.0,0.0,0.0,,,0.0,,0.0
Kansai (-1400),-1400,Kansai,,,,,,0.0,0.0,0.0,,,0.0,,0.0
Kansai (-1300),-1300,Kansai,,,,,,0.0,0.0,0.0,,,0.0,,0.0
Kansai (-1200),-1200,Kansai,,,,,,0.0,0.0,0.0,,,0.0,,0.0
Kansai (-1100),-1100,Kansai,,,,,,0.0,0.0,0.0,,,0.0,,0.0
Kansai (-1000),-1000,Kansai,,,,,,0.0,0.0,0.0,,,0.0,,0.0
Kansai (-900),-900,Kansai,,,,,,0.0,0.0,0.0,,,0.0,,0.0
Kansai (-800),-800,Kansai,,,,,,0.0,0.0,0.0,,,0.0,,0.0
Kansai (-700),-700,Kansai,,,,,,0.0,0.0,0.0,,,0.0,,0.0
Kansai (-600),-600,Kansai,,,,,,0.0,0.0,0.0,,,0.0,,0.0
Kansai (-500),-500,Kansai,,,,,,0.0,0.0,0.0,,,0.0,,0.0
Kansai (-400),-400,Kansai,,,,,,0.0,0.0,0.0,,,0.0,,0.0
Kansai (-300),-300,Kansai,,,,,,0.0,0.0,0.0,0.5,,0.0,,0.5
Kansai (-200),-200,Kansai,,,,,,0.0,0.0,0.0,0.5,,0.0,,0.5
Kansai (-100),-100,Kansai,,,,,,0.0,0.0,0.0,0.5,,0.0,,0.5
Kansai (0),0,Kansai,,,,,,0.0,0.0,0.0,0.5,,0.0,,0.5
Kansai (100),100,Kansai,,,,,,0.0,0.0,0.0,0.5,,0.0,,0.5
Kansai (200),200,Kansai,,,1.0,0.0,0.0,0.0,0.0,0.0,0.5,,0.5,,2.0
Kansai (300),300,Kansai,,,1.0,0.0,0.0,0.0,0.0,0.0,0.5,,0.5,,2.0
Kansai (400),400,Kansai,,,1.0,0.0,0.0,0.0,0.0,0.0,0.5,,0.5,,2.0
Kansai (500),500,Kansai,,1.0,0.0,0.0,0.0,1.0,0.0,1.0,0.5,,1.0,,4.5
Kansai (600),600,Kansai,,1.0,1.0,0.0,0.0,1.0,0.0,1.0,0.5,,1.0,,5.5
Kansai (700),700,Kansai,,1.0,1.0,0.0,0.0,1.0,0.0,1.0,0.5,,1.0,,5.5
Kansai (800),800,Kansai,,1.0,1.0,0.0,0.0,1.0,0.0,1.0,1.0,,1.0,,6.0
Kansai (900),900,Kansai,,1.0,1.0,0.0,0.0,1.0,0.0,1.0,1.0,,1.0,,6.0
Kansai (1000),1000,Kansai,,1.0,1.0,0.0,0.0,1.0,0.0,1.0,1.0,,1.0,,6.0
Kansai (1100),1100,Kansai,,1.0,1.0,0.0,0.0,1.0,0.0,1.0,1.0,,1.0,,6.0
Kansai (1200),1200,Kansai,,1.0,1.0,0.0,0.0,1.0,0.0,1.0,1.0,,1.0,,6.0
Kansai (1300),1300,Kansai,,1.0,1.0,0.0,0.0,1.0,0.0,1.0,1.0,1.0,1.0,0.0,7.0
Kansai (1400),1400,Kansai,,1.0,1.0,0.0,0.0,1.0,0.0,1.0,1.0,1.0,1.0,0.0,7.0
Kansai (1500),1500,Kansai,,1.0,1.0,0.0,0.0,1.0,0.0,1.0,1.0,1.0,1.0,0.0,7.0
Kansai (1600),1600,Kansai,,1.0,1.0,0.0,0.0,0.0,0.0,1.0,1.0,1.0,1.0,0.0,6.0
Konya Plain (-2000),-2000,Konya Plain,,,,,,,,0.0,,,0.0,,0.0
Konya Plain (-1900),-1900,Konya Plain,,,,,,,,0.0,,,0.0,,0.0
Konya Plain (-1800),-1800,Konya Plain,,,,,,,,0.0,,,0.0,,0.0
Konya Plain (-1700),-1700,Konya Plain,,,,,,,,0.0,,,0.0,,0.0
Konya Plain (-1600),-1600,Konya Plain,0.0,,,,,,,1.0,,,1.0,,2.0
Konya Plain (-1500),-1500,Konya Plain,0.0,,,,,,,1.0,,,1.0,,2.0
Konya Plain (-1400),-1400,Konya Plain,0.0,1.0,,0.0,,,,1.0,,,1.0,1.0,4.0
Konya Plain (-1300),-1300,Konya Plain,0.0,1.0,,0.0,1.0,,0.0,1.0,1.0,0.0,1.0,0.0,5.0
Konya Plain (-1200),-1200,Konya Plain,0.0,1.0,,0.0,1.0,,0.0,1.0,1.0,0.0,1.0,0.0,5.0
Konya Plain (-1100),-1100,Konya Plain,0.0,1.0,1.0,0.0,1.0,,0.0,1.0,1.0,0.0,1.0,0.0,6.0
Konya Plain (-1000),-1000,Konya Plain,0.0,1.0,1.0,0.0,1.0,0.0,0.0,1.0,1.0,1.0,0.0,1.0,7.0
Konya Plain (-900),-900,Konya Plain,0.0,1.0,1.0,0.0,1.0,0.0,0.0,1.0,1.0,1.0,1.0,1.0,8.0
Konya Plain (-800),-800,Konya Plain,0.0,1.0,1.0,0.0,1.0,0.0,0.0,1.0,1.0,1.0,1.0,1.0,8.0
Konya Plain (-700),-700,Konya Plain,0.0,1.0,1.0,1.0,1.0,0.0,0.0,1.0,1.0,1.0,1.0,1.0,9.0
Konya Plain (-600),-600,Konya Plain,0.0,1.0,1.0,1.0,1.0,0.0,0.0,1.0,1.0,0.0,1.0,0.0,7.0
Konya Plain (-500),-500,Konya Plain,0.0,1.0,1.0,1.0,1.0,0.0,0.0,1.0,1.0,0.0,1.0,0.0,7.0
Konya Plain (-400),-400,Konya Plain,0.0,1.0,1.0,0.0,1.0,0.0,0.0,1.0,1.0,0.0,1.0,0.0,6.0
Konya Plain (-300),-300,Konya Plain,0.0,1.0,1.0,0.0,0.0,1.0,1.0,1.0,1.0,0.0,1.0,0.0,7.0
Konya Plain (-200),-200,Konya Plain,0.0,1.0,1.0,0.0,0.0,1.0,1.0,1.0,1.0,0.0,1.0,0.0,7.0
Konya Plain (-100),-100,Konya Plain,0.0,1.0,0.0,0.0,1.0,0.0,0.0,1.0,1.0,1.0,0.0,1.0,6.0
Konya Plain (0),0,Konya Plain,0.0,1.0,0.0,0.0,0.5,0.5,0.0,1.0,1.0,1.0,1.0,1.0,7.0
Konya Plain (100),100,Konya Plain,0.0,1.0,0.0,0.0,0.5,0.5,0.0,1.0,1.0,1.0,1.0,1.0,7.0
Konya Plain (200),200,Konya Plain,0.0,1.0,1.0,0.5,0.5,0.5,0.0,1.0,1.0,1.0,1.0,1.0,8.5
Konya Plain (300),300,Konya Plain,0.0,1.0,1.0,1.0,1.0,0.5,1.0,1.0,1.0,0.0,1.0,0.0,8.5
Konya Plain (400),400,Konya Plain,0.5,1.0,1.0,1.0,0.0,0.5,0.0,1.0,1.0,0.0,1.0,0.0,7.0
Konya Plain (500),500,Konya Plain,0.5,1.0,1.0,1.0,1.0,1.0,1.0,0.5,1.0,1.0,1.0,0.0,10.0
Konya Plain (600),600,Konya Plain,0.5,1.0,1.0,1.0,0.0,1.0,0.0,1.0,1.0,1.0,1.0,0.0,8.5
Konya Plain (700),700,Konya Plain,0.5,1.0,1.0,1.0,0.0,1.0,0.0,1.0,1.0,1.0,1.0,0.0,8.5
Konya Plain (800),800,Konya Plain,0.5,1.0,1.0,1.0,0.0,1.0,0.0,1.0,1.0,1.0,1.0,0.0,8.5
Konya Plain (900),900,Konya Plain,1.0,1.0,1.0,1.0,0.0,1.0,0.0,1.0,1.0,1.0,1.0,0.0,9.0
Konya Plain (1000),1000,Konya Plain,1.0,1.0,1.0,1.0,0.0,1.0,0.0,1.0,1.0,1.0,1.0,0.0,9.0
Konya Plain (1100),1100,Konya Plain,0.5,1.0,1.0,1.0,1.0,1.0,1.0,1.0,1.0,1.0,1.0,0.0,10.5
Konya Plain (1200),1200,Konya Plain,0.5,1.0,1.0,0.5,1.0,1.0,1.0,0.0,1.0,1.0,1.0,0.0,9.0
Konya Plain (1300),1300,Konya Plain,0.5,1.0,1.0,1.0,1.0,1.0,0.5,1.0,1.0,1.0,1.0,0.0,10.0
Konya Plain (1400),1400,Konya Plain,0.5,1.0,1.0,1.0,1.0,1.0,1.0,1.0,1.0,1.0,0.5,0.0,10.0
Konya Plain (1500),1500,Konya Plain,0.5,1.0,1.0,1.0,1.0,1.0,1.0,1.0,1.0,1.0,1.0,0.0,10.5
Konya Plain (1600),1600,Konya Plain,0.5,1.0,1.0,1.0,1.0,1.0,1.0,1.0,1.0,1.0,1.0,0.0,10.5
Konya Plain (1700),1700,Konya Plain,0.5,1.0,1.0,1.0,1.0,1.0,1.0,1.0,1.0,1.0,1.0,0.0,10.5
Konya Plain (1800),1800,Konya Plain,0.5,1.0,1.0,1.0,1.0,1.0,1.0,1.0,1.0,1.0,1.0,0.0,10.5
Latium (-1000),-1000,Latium,0.0,1.0,1.0,0.0,1.0,0.0,0.0,0.5,1.0,1.0,0.0,1.0,6.5
Latium (-900),-900,Latium,0.0,1.0,1.0,0.0,1.0,0.0,0.0,0.5,1.0,1.0,0.0,1.0,6.5
Latium (-800),-800,Latium,0.0,1.0,1.0,0.0,1.0,0.0,0.0,0.5,1.0,1.0,0.0,1.0,6.5
Latium (-700),-700,Latium,0.0,1.0,1.0,0.0,1.0,0.0,0.0,0.5,1.0,1.0,0.0,1.0,6.5
Latium (-600),-600,Latium,0.0,1.0,1.0,0.0,1.0,0.0,0.0,1.0,1.0,1.0,0.0,1.0,7.0
Latium (-500),-500,Latium,0.0,1.0,1.0,0.0,1.0,0.0,0.0,1.0,1.0,1.0,0.0,1.0,7.0
Latium (-400),-400,Latium,0.0,1.0,1.0,0.0,1.0,0.0,0.0,1.0,1.0,1.0,0.0,1.0,7.0
Latium (-300),-300,Latium,0.0,1.0,1.0,0.0,1.0,0.0,0.0,1.0,1.0,1.0,0.0,1.0,7.0
Latium (-200),-200,Latium,0.0,1.0,1.0,0.0,1.0,0.0,0.0,1.0,1.0,1.0,0.0,1.0,7.0
Latium (-100),-100,Latium,0.0,1.0,1.0,0.0,1.0,0.0,0.0,1.0,1.0,1.0,0.0,1.0,7.0
Latium (0),0,Latium,0.0,1.0,0.0,0.0,0.5,0.5,0.0,1.0,1.0,1.0,1.0,1.0,7.0
Latium (100),100,Latium,0.0,1.0,0.0,0.0,0.5,0.5,0.0,1.0,1.0,1.0,1.0,1.0,7.0
Latium (200),200,Latium,0.0,1.0,0.0,0.0,0.5,0.5,0.0,1.0,1.0,1.0,1.0,1.0,7.0
Latium (300),300,Latium,0.0,1.0,1.0,0.5,1.0,0.5,1.0,1.0,1.0,1.0,1.0,0.0,9.0
Latium (400),400,Latium,0.5,1.0,1.0,1.0,0.0,0.5,0.0,1.0,1.0,1.0,1.0,0.0,8.0
Latium (500),500,Latium,0.5,1.0,1.0,1.0,0.5,0.5,0.5,1.0,1.0,1.0,1.0,0.0,9.0
Latium (600),600,Latium,0.5,1.0,1.0,1.0,0.0,0.5,0.5,1.0,1.0,1.0,1.0,1.0,9.5
Latium (700),700,Latium,0.5,1.0,1.0,1.0,1.0,0.0,0.0,1.0,1.0,1.0,1.0,1.0,9.5
Latium (800),800,Latium,0.5,1.0,1.0,1.0,1.0,0.0,0.0,1.0,1.0,1.0,1.0,1.0,9.5
Latium (900),900,Latium,0.5,1.0,1.0,1.0,1.0,0.0,0.0,1.0,1.0,1.0,1.0,1.0,9.5
Latium (1000),1000,Latium,0.5,1.0,1.0,1.0,1.0,0.0,0.0,1.0,1.0,1.0,1.0,1.0,9.5
Latium (1100),1100,Latium,0.5,1.0,1.0,1.0,1.0,0.0,0.0,1.0,1.0,1.0,1.0,1.0,9.5
Latium (1200),1200,Latium,0.5,1.0,1.0,1.0,1.0,0.0,0.0,1.0,1.0,1.0,1.0,1.0,9.5
Latium (1300),1300,Latium,0.5,1.0,1.0,1.0,1.0,0.0,0.0,1.0,1.0,1.0,1.0,1.0,9.5
Latium (1400),1400,Latium,0.5,1.0,1.0,1.0,1.0,0.0,0.0,1.0,1.0,1.0,1.0,1.0,9.5
Latium (1500),1500,Latium,0.5,1.0,1.0,1.0,1.0,0.0,0.0,1.0,1.0,1.0,1.0,1.0,9.5
Latium (1600),1600,Latium,0.5,1.0,1.0,1.0,1.0,0.0,0.0,1.0,1.0,1.0,1.0,1.0,9.5
Middle Yellow River Valley (-2000),-2000,Middle Yellow River Valley,,,,,,,,0.0,,,0.0,,0.0
Middle Yellow River Valley (-1900),-1900,Middle Yellow River Valley,,,,,,,,0.0,,,0.0,,0.0
Middle Yellow River Valley (-1800),-1800,Middle Yellow River Valley,,,,,,,,0.0,,,1.0,,1.0
Middle Yellow River Valley (-1700),-1700,Middle Yellow River Valley,,,,,,,,0.0,,,1.0,,1.0
Middle Yellow River Valley (-1600),-1600,Middle Yellow River Valley,,,1.0,,,0.0,0.0,0.0,,,1.0,,2.0
Middle Yellow River Valley (-1500),-1500,Middle Yellow River Valley,,,1.0,,,0.0,0.0,0.0,,,1.0,,2.0
Middle Yellow River Valley (-1400),-1400,Middle Yellow River Valley,,,1.0,,,0.0,0.0,0.0,,,1.0,,2.0
Middle Yellow River Valley (-1300),-1300,Middle Yellow River Valley,,,1.0,,,0.0,0.0,0.0,,,1.0,,2.0
Middle Yellow River Valley (-1200),-1200,Middle Yellow River Valley,,1.0,1.0,0.0,1.0,0.0,0.0,0.0,0.0,0.0,1.0,0.0,4.0
Middle Yellow River Valley (-1100),-1100,Middle Yellow River Valley,0.0,1.0,1.0,0.0,1.0,0.0,0.0,1.0,0.0,1.0,1.0,0.0,6.0
Middle Yellow River Valley (-1000),-1000,Middle Yellow River Valley,0.0,1.0,1.0,0.0,1.0,0.0,0.0,1.0,0.0,1.0,1.0,0.0,6.0
Middle Yellow River Valley (-900),-900,Middle Yellow River Valley,0.0,1.0,1.0,0.0,1.0,0.0,0.0,1.0,0.0,1.0,1.0,0.0,6.0
Middle Yellow River Valley (-800),-800,Middle Yellow River Valley,0.0,1.0,0.0,0.0,1.0,0.0,0.0,1.0,0.5,0.0,1.0,0.0,4.5
Middle Yellow River Valley (-700),-700,Middle Yellow River Valley,0.0,1.0,0.0,0.0,1.0,0.0,0.0,1.0,0.5,0.0,1.0,0.0,4.5
Middle Yellow River Valley (-600),-600,Middle Yellow River Valley,0.0,1.0,0.0,0.0,1.0,0.0,0.0,1.0,0.5,0.0,1.0,0.0,4.5
Middle Yellow River Valley (-500),-500,Middle Yellow River Valley,0.0,1.0,0.0,0.0,1.0,0.0,0.0,1.0,0.5,0.0,1.0,1.0,5.5
Middle Yellow River Valley (-400),-400,Middle Yellow River Valley,0.0,1.0,0.0,0.0,1.0,0.0,0.0,1.0,0.5,0.0,1.0,1.0,5.5
Middle Yellow River Valley (-300),-300,Middle Yellow River Valley,0.0,1.0,0.0,0.0,1.0,0.0,0.0,1.0,0.5,0.0,1.0,1.0,5.5
Middle Yellow River Valley (-200),-200,Middle Yellow River Valley,0.0,1.0,1.0,0.0,0.0,0.0,0.0,1.0,1.0,0.0,1.0,0.0,5.0
Middle Yellow River Valley (-100),-100,Middle Yellow River Valley,0.0,1.0,1.0,0.0,0.0,0.0,0.0,1.0,1.0,0.0,1.0,0.0,5.0
Middle Yellow River Valley (0),0,Middle Yellow River Valley,0.0,1.0,1.0,0.0,0.0,0.0,0.0,1.0,1.0,0.0,1.0,0.0,5.0
Middle Yellow River Valley (100),100,Middle Yellow River Valley,0.0,1.0,1.0,0.0,0.0,0.0,0.0,1.0,1.0,0.0,1.0,0.0,5.0
Middle Yellow River Valley (200),200,Middle Yellow River Valley,0.0,1.0,1.0,0.0,0.0,0.0,0.0,1.0,1.0,0.0,1.0,0.0,5.0
Middle Yellow River Valley (300),300,Middle Yellow River Valley,0.0,1.0,1.0,0.0,0.0,0.0,0.0,1.0,1.0,0.0,1.0,0.0,5.0
Middle Yellow River Valley (400),400,Middle Yellow River Valley,0.0,1.0,1.0,0.0,0.0,0.0,0.0,1.0,1.0,0.0,1.0,0.0,5.0
Middle Yellow River Valley (500),500,Middle Yellow River Valley,0.0,1.0,1.0,0.0,0.0,0.0,0.0,1.0,1.0,0.0,1.0,0.0,5.0
Middle Yellow River Valley (600),600,Middle Yellow River Valley,0.0,1.0,1.0,0.0,0.0,0.0,0.0,1.0,1.0,0.0,1.0,0.0,5.0
Middle Yellow River Valley (700),700,Middle Yellow River Valley,0.0,1.0,1.0,0.0,0.0,0.0,0.0,1.0,1.0,0.0,1.0,0.0,5.0
Middle Yellow River Valley (800),800,Middle Yellow River Valley,0.0,1.0,1.0,0.0,0.0,0.0,0.0,1.0,1.0,0.0,1.0,0.0,5.0
Middle Yellow River Valley (900),900,Middle Yellow River Valley,0.0,1.0,1.0,0.0,0.0,0.0,0.0,1.0,1.0,0.0,1.0,0.0,5.0
Middle Yellow River Valley (1000),1000,Middle Yellow River Valley,0.0,1.0,1.0,0.0,0.0,0.0,0.0,1.0,1.0,0.0,1.0,0.0,5.0
Middle Yellow River Valley (1100),1100,Middle Yellow River Valley,0.0,1.0,1.0,0.0,0.0,0.0,0.0,1.0,1.0,0.0,1.0,0.0,5.0
Middle Yellow River Valley (1200),1200,Middle Yellow River Valley,0.0,1.0,1.0,0.0,0.0,0.0,0.0,0.0,1.0,1.0,1.0,0.0,5.0
Middle Yellow River Valley (1300),1300,Middle Yellow River Valley,0.0,1.0,1.0,0.0,1.0,0.5,0.0,1.0,1.0,1.0,1.0,0.0,7.5
Middle Yellow River Valley (1400),1400,Middle Yellow River Valley,0.0,1.0,1.0,0.0,1.0,1.0,0.0,1.0,1.0,0.0,1.0,0.0,7.0
Middle Yellow River Valley (1500),1500,Middle Yellow River Valley,0.0,1.0,1.0,0.0,1.0,1.0,0.0,1.0,1.0,0.0,1.0,0.0,7.0
Middle Yellow River Valley (1600),1600,Middle Yellow River Valley,0.0,1.0,1.0,0.0,1.0,1.0,0.0,1.0,1.0,1.0,1.0,0.0,8.0
Middle Yellow River Valley (1700),1700,Middle Yellow River Valley,0.0,1.0,1.0,0.0,1.0,1.0,0.0,1.0,1.0,1.0,1.0,0.0,8.0
Middle Yellow River Valley (1800),1800,Middle Yellow River Valley,0.0,1.0,1.0,0.0,1.0,1.0,0.0,1.0,1.0,1.0,1.0,0.0,8.0
Susiana (-3900),-3900,Susiana,,,,,,0.0,0.0,0.0,,,0.5,,0.5
Susiana (-3800),-3800,Susiana,,,,,,0.0,0.0,0.0,,,1.0,,1.0
Susiana (-3700),-3700,Susiana,,,,,,0.0,0.0,0.0,,,1.0,,1.0
Susiana (-3600),-3600,Susiana,,,,,,0.0,0.0,0.0,,,1.0,,1.0
Susiana (-3500),-3500,Susiana,,,,,,0.0,0.0,0.0,,,1.0,,1.0
Susiana (-3400),-3400,Susiana,,,,,,0.0,0.0,0.0,,,1.0,,1.0
Susiana (-3300),-3300,Susiana,,,,,,0.0,0.0,0.0,,,1.0,,1.0
Susiana (-3200),-3200,Susiana,,,,,,0.0,0.0,0.0,,,1.0,,1.0
Susiana (-3100),-3100,Susiana,,,,,,0.0,0.0,0.0,,,1.0,,1.0
Susiana (-3000),-3000,Susiana,,,,,,0.0,0.0,0.0,,,1.0,,1.0
Susiana (-2900),-2900,Susiana,,,,,,0.0,0.0,0.0,,,1.0,,1.0
Susiana (-2800),-2800,Susiana,,,,,,0.0,0.0,0.0,,,1.0,,1.0
Susiana (-2700),-2700,Susiana,,,,,,0.0,0.0,0.5,,,1.0,,1.5
Susiana (-2600),-2600,Susiana,,,,,,0.0,0.0,0.5,,,1.0,,1.5
Susiana (-2500),-2500,Susiana,,,,,,0.0,0.0,0.5,,,1.0,,1.5
Susiana (-2400),-2400,Susiana,,,,,,0.0,0.0,0.5,,,1.0,,1.5
Susiana (-2300),-2300,Susiana,,,,,,0.0,0.0,0.5,,,1.0,,1.5
Susiana (-2200),-2200,Susiana,0.0,1.0,,,,0.0,0.0,0.0,,,1.0,,2.0
Susiana (-2100),-2100,Susiana,0.0,1.0,,,,0.0,0.0,0.0,,,1.0,,2.0
Susiana (-2000),-2000,Susiana,0.0,1.0,,,,0.0,0.0,0.0,,,1.0,,2.0
Susiana (-1900),-1900,Susiana,0.0,1.0,,,,0.0,0.0,1.0,,,1.0,,3.0
Susiana (-1800),-1800,Susiana,0.0,1.0,,,,0.0,0.0,1.0,,,1.0,,3.0
Susiana (-1700),-1700,Susiana,0.0,1.0,,,,0.0,0.0,1.0,,,1.0,,3.0
Susiana (-1600),-1600,Susiana,0.0,1.0,,,,0.0,0.0,1.0,,,1.0,,3.0
Susiana (-1500),-1500,Susiana,0.0,1.0,1.0,,1.0,0.0,0.0,1.0,,,1.0,,5.0
Susiana (-1400),-1400,Susiana,0.0,1.0,1.0,,1.0,0.0,0.0,1.0,,,1.0,,5.0
Susiana (-1300),-1300,Susiana,0.0,1.0,1.0,,1.0,0.0,0.0,1.0,,,1.0,,5.0
Susiana (-1200),-1200,Susiana,0.0,1.0,1.0,,1.0,0.0,0.0,1.0,,,1.0,,5.0
Susiana (-1100),-1100,Susiana,0.0,1.0,1.0,,1.0,0.0,0.0,1.0,,,0.0,,4.0
Susiana (-1000),-1000,Susiana,0.0,1.0,1.0,,1.0,0.0,0.0,1.0,,,0.0,,4.0
Susiana (-900),-900,Susiana,0.0,1.0,1.0,,1.0,0.0,0.0,1.0,,0.0,0.0,,4.0
Susiana (-800),-800,Susiana,0.0,1.0,1.0,,1.0,0.0,0.0,1.0,,0.0,0.0,,4.0
Susiana (-700),-700,Susiana,0.0,1.0,1.0,,1.0,0.0,0.0,0.5,,1.0,1.0,0.0,5.5
Susiana (-600),-600,Susiana,0.0,1.0,1.0,1.0,1.0,0.0,0.0,1.0,1.0,0.5,1.0,0.0,7.5
Susiana (-500),-500,Susiana,0.0,1.0,1.0,1.0,1.0,0.0,0.0,1.0,1.0,0.0,1.0,0.0,7.0
Susiana (-400),-400,Susiana,0.0,1.0,1.0,1.0,1.0,0.0,0.0,1.0,1.0,0.0,1.0,0.0,7.0
Susiana (-300),-300,Susiana,0.0,1.0,1.0,0.0,0.0,1.0,1.0,1.0,1.0,0.0,1.0,0.0,7.0
Susiana (-200),-200,Susiana,0.0,1.0,1.0,0.0,0.0,1.0,1.0,1.0,1.0,0.0,1.0,0.0,7.0
Susiana (-100),-100,Susiana,0.0,1.0,1.0,0.0,0.0,1.0,1.0,1.0,1.0,0.0,1.0,0.0,7.0
Susiana (0),0,Susiana,0.0,1.0,1.0,0.0,0.0,1.0,1.0,1.0,1.0,0.0,1.0,0.0,7.0
Susiana (100),100,Susiana,0.0,1.0,1.0,0.0,0.0,1.0,1.0,1.0,1.0,0.0,1.0,0.0,7.0
Susiana (200),200,Susiana,1.0,1.0,1.0,1.0,0.5,1.0,1.0,0.5,1.0,1.0,1.0,0.0,10.0
Susiana (300),300,Susiana,1.0,1.0,1.0,1.0,0.5,1.0,1.0,0.5,1.0,1.0,1.0,0.0,10.0
Susiana (400),400,Susiana,1.0,1.0,1.0,1.0,0.5,1.0,1.0,0.5,1.0,1.0,1.0,0.0,10.0
Susiana (500),500,Susiana,1.0,1.0,1.0,1.0,1.0,1.0,1.0,0.5,1.0,1.0,1.0,0.0,10.5
Susiana (600),600,Susiana,1.0,1.0,1.0,1.0,1.0,1.0,1.0,0.5,1.0,1.0,1.0,0.0,10.5
Susiana (700),700,Susiana,0.0,1.0,1.0,1.0,1.0,1.0,1.0,1.0,1.0,1.0,0.5,0.0,9.5
Susiana (800),800,Susiana,0.0,1.0,1.0,1.0,1.0,1.0,1.0,1.0,1.0,1.0,1.0,0.0,10.0
Susiana (900),900,Susiana,0.0,1.0,1.0,1.0,1.0,1.0,1.0,1.0,1.0,1.0,1.0,0.0,10.0
Susiana (1000),1000,Susiana,0.0,1.0,1.0,1.0,1.0,1.0,1.0,1.0,1.0,1.0,1.0,0.0,10.0
Susiana (1100),1100,Susiana,0.0,1.0,1.0,1.0,1.0,1.0,1.0,1.0,1.0,1.0,1.0,0.0,10.0
Susiana (1200),1200,Susiana,0.0,1.0,1.0,1.0,1.0,1.0,1.0,0.5,1.0,1.0,1.0,0.0,9.5
Susiana (1300),1300,Susiana,0.0,1.0,1.0,0.5,1.0,1.0,0.5,1.0,1.0,1.0,1.0,0.0,9.0
Susiana (1400),1400,Susiana,0.0,1.0,1.0,1.0,1.0,1.0,1.0,1.0,1.0,1.0,1.0,0.0,10.0
Susiana (1500),1500,Susiana,0.0,1.0,1.0,1.0,1.0,1.0,0.0,1.0,1.0,1.0,1.0,0.0,9.0
Susiana (1600),1600,Susiana,0.0,1.0,1.0,1.0,1.0,1.0,0.0,1.0,1.0,1.0,1.0,0.0,9.0
Susiana (1700),1700,Susiana,0.0,1.0,1.0,1.0,1.0,1.0,0.0,1.0,1.0,1.0,1.0,0.0,9.0
Susiana (1800),1800,Susiana,0.0,1.0,1.0,1.0,1.0,1.0,1.0,1.0,1.0,1.0,1.0,0.0,10.0
Upper Egypt (-4400),-4400,Upper Egypt,,,,,,,,0.0,0.0,0.0,0.0,0.0,0.0
Upper Egypt (-4300),-4300,Upper Egypt,,,,,,,,0.0,0.0,0.0,0.0,0.0,0.0
Upper Egypt (-4200),-4200,Upper Egypt,,,,,,,,0.0,0.0,0.0,0.0,0.0,0.0
Upper Egypt (-4100),-4100,Upper Egypt,,,,,,,,0.0,0.0,0.0,0.0,0.0,0.0
Upper Egypt (-4000),-4000,Upper Egypt,,,,,,,,0.0,0.0,0.0,0.0,0.0,0.0
Upper Egypt (-3900),-3900,Upper Egypt,,,,,,,,0.0,0.0,0.0,0.0,0.0,0.0
Upper Egypt (-3800),-3800,Upper Egypt,,,,,,,,0.0,0.0,0.0,0.0,0.0,0.0
Upper Egypt (-3700),-3700,Upper Egypt,,,,,,,,0.0,0.0,0.0,0.0,0.0,0.0
Upper Egypt (-3600),-3600,Upper Egypt,,1.0,,,0.5,0.0,,0.0,0.0,0.0,0.0,0.0,1.5
Upper Egypt (-3500),-3500,Upper Egypt,,1.0,,,0.5,0.0,,0.0,0.0,0.0,0.0,0.0,1.5
Upper Egypt (-3400),-3400,Upper Egypt,,1.0,,,0.5,0.0,,0.0,0.0,0.0,0.5,0.0,2.0
Upper Egypt (-3300),-3300,Upper Egypt,,1.0,,,0.5,0.0,,0.0,0.0,0.0,1.0,0.0,2.5
Upper Egypt (-3200),-3200,Upper Egypt,,1.0,,,0.5,0.0,,0.0,0.0,0.0,1.0,0.0,2.5
Upper Egypt (-3100),-3100,Upper Egypt,,1.0,,0.0,0.0,1.0,0.0,0.0,1.0,0.5,1.0,0.0,4.5
Upper Egypt (-3000),-3000,Upper Egypt,,1.0,,0.0,0.0,1.0,0.0,0.0,1.0,0.5,1.0,0.0,4.5
Upper Egypt (-2900),-2900,Upper Egypt,,1.0,,0.0,0.0,1.0,0.0,0.0,1.0,0.5,1.0,0.0,4.5
Upper Egypt (-2800),-2800,Upper Egypt,,1.0,,0.0,0.0,1.0,0.0,0.0,1.0,0.5,1.0,0.0,4.5
Upper Egypt (-2700),-2700,Upper Egypt,,1.0,,0.0,0.0,1.0,0.0,0.0,1.0,0.5,1.0,0.0,4.5
Upper Egypt (-2600),-2600,Upper Egypt,0.0,1.0,1.0,0.0,0.0,1.0,0.0,1.0,1.0,1.0,1.0,0.0,7.0
Upper Egypt (-2500),-2500,Upper Egypt,0.0,1.0,1.0,0.0,0.0,1.0,0.0,1.0,1.0,1.0,1.0,0.0,7.0
Upper Egypt (-2400),-2400,Upper Egypt,0.0,1.0,1.0,0.0,0.0,1.0,0.0,1.0,1.0,1.0,1.0,0.0,7.0
Upper Egypt (-2300),-2300,Upper Egypt,0.0,1.0,1.0,0.0,0.0,1.0,0.0,1.0,1.0,1.0,1.0,0.0,7.0
Upper Egypt (-2200),-2200,Upper Egypt,0.0,1.0,1.0,0.5,0.0,1.0,0.0,1.0,1.0,1.0,1.0,0.0,7.5
Upper Egypt (-2100),-2100,Upper Egypt,0.0,1.0,1.0,0.5,0.0,1.0,0.0,1.0,1.0,1.0,1.0,0.0,7.5
Upper Egypt (-2000),-2000,Upper Egypt,0.0,1.0,1.0,0.0,0.0,1.0,0.0,1.0,1.0,1.0,1.0,0.0,7.0
Upper Egypt (-1900),-1900,Upper Egypt,0.0,1.0,1.0,0.0,0.0,1.0,0.0,1.0,1.0,1.0,1.0,0.0,7.0
Upper Egypt (-1800),-1800,Upper Egypt,0.0,1.0,1.0,0.0,0.0,1.0,0.0,1.0,1.0,1.0,1.0,0.0,7.0
Upper Egypt (-1700),-1700,Upper Egypt,0.0,1.0,1.0,0.0,0.0,1.0,0.0,1.0,1.0,1.0,1.0,0.0,7.0
Upper Egypt (-1600),-1600,Upper Egypt,0.0,1.0,1.0,0.0,0.0,1.0,0.0,1.0,1.0,0.5,1.0,0.0,6.5
Upper Egypt (-1500),-1500,Upper Egypt,0.0,1.0,1.0,0.0,0.0,1.0,0.0,1.0,1.0,0.5,1.0,0.0,6.5
Upper Egypt (-1400),-1400,Upper Egypt,0.0,1.0,1.0,0.0,0.0,1.0,0.0,1.0,1.0,0.5,1.0,0.0,6.5
Upper Egypt (-1300),-1300,Upper Egypt,0.0,1.0,1.0,0.0,0.0,1.0,0.0,1.0,1.0,0.5,1.0,0.0,6.5
Upper Egypt (-1200),-1200,Upper Egypt,0.0,1.0,1.0,0.0,0.0,1.0,0.0,1.0,1.0,0.5,1.0,0.0,6.5
Upper Egypt (-1100),-1100,Upper Egypt,0.0,1.0,1.0,0.0,0.0,1.0,0.0,1.0,1.0,1.0,1.0,0.0,7.0
Upper Egypt (-1000),-1000,Upper Egypt,0.0,1.0,1.0,0.0,0.0,1.0,0.0,1.0,1.0,1.0,1.0,0.0,7.0
Upper Egypt (-900),-900,Upper Egypt,0.0,1.0,1.0,0.0,0.0,1.0,0.0,1.0,1.0,1.0,1.0,0.0,7.0
Upper Egypt (-800),-800,Upper Egypt,0.0,1.0,1.0,0.0,0.0,1.0,0.0,1.0,1.0,0.0,1.0,0.0,6.0
Upper Egypt (-700),-700,Upper Egypt,0.0,1.0,1.0,0.0,0.0,1.0,0.0,1.0,1.0,1.0,1.0,0.0,7.0
Upper Egypt (-600),-600,Upper Egypt,0.0,1.0,1.0,0.5,0.5,0.5,0.0,1.0,1.0,0.5,1.0,0.0,7.0
Upper Egypt (-500),-500,Upper Egypt,0.0,1.0,1.0,1.0,1.0,0.0,0.0,1.0,1.0,0.0,1.0,0.0,7.0
Upper Egypt (-400),-400,Upper Egypt,0.0,1.0,1.0,0.0,0.0,1.0,0.0,1.0,1.0,0.0,1.0,0.0,6.0
Upper Egypt (-300),-300,Upper Egypt,1.0,1.0,1.0,0.0,0.5,0.0,0.0,1.0,1.0,0.0,1.0,0.0,6.5
Upper Egypt (-200),-200,Upper Egypt,1.0,1.0,1.0,0.0,0.0,0.0,0.0,1.0,1.0,0.0,1.0,0.0,6.0
Upper Egypt (-100),-100,Upper Egypt,1.0,1.0,1.0,0.0,0.0,0.0,0.0,1.0,1.0,0.0,1.0,0.0,6.0
Upper Egypt (0),0,Upper Egypt,1.0,1.0,0.0,0.0,0.5,0.5,0.0,1.0,1.0,1.0,1.0,1.0,8.0
Upper Egypt (100),100,Upper Egypt,1.0,1.0,0.0,0.0,0.5,0.5,0.0,1.0,1.0,1.0,1.0,1.0,8.0
Upper Egypt (200),200,Upper Egypt,1.0,1.0,0.0,0.0,0.5,0.5,0.0,1.0,1.0,1.0,1.0,1.0,8.0
Upper Egypt (300),300,Upper Egypt,1.0,1.0,1.0,0.5,1.0,0.5,1.0,1.0,1.0,0.0,1.0,0.0,9.0
Upper Egypt (400),400,Upper Egypt,1.0,1.0,1.0,1.0,0.0,0.5,0.0,1.0,1.0,0.0,1.0,0.0,7.5
Upper Egypt (500),500,Upper Egypt,1.0,1.0,1.0,1.0,1.0,1.0,1.0,0.5,1.0,1.0,1.0,0.0,10.5
Upper Egypt (600),600,Upper Egypt,1.0,1.0,1.0,1.0,0.0,1.0,0.0,1.0,1.0,1.0,1.0,0.0,9.0
Upper Egypt (700),700,Upper Egypt,0.0,1.0,1.0,1.0,1.0,1.0,1.0,1.0,1.0,1.0,0.5,0.0,9.5
Upper Egypt (800),800,Upper Egypt,0.0,1.0,1.0,1.0,1.0,1.0,1.0,1.0,1.0,1.0,1.0,0.0,10.0
Upper Egypt (900),900,Upper Egypt,0.0,1.0,1.0,1.0,1.0,1.0,1.0,1.0,1.0,0.0,1.0,0.0,9.0
Upper Egypt (1000),1000,Upper Egypt,0.0,1.0,1.0,1.0,1.0,1.0,1.0,1.0,1.0,1.0,1.0,0.0,10.0
Upper Egypt (1100),1100,Upper Egypt,0.0,1.0,1.0,1.0,1.0,1.0,1.0,1.0,1.0,0.5,1.0,0.0,9.5
Upper Egypt (1200),1200,Upper Egypt,0.0,1.0,1.0,1.0,1.0,1.0,1.0,1.0,1.0,0.5,1.0,0.0,9.5
Upper Egypt (1300),1300,Upper Egypt,0.0,1.0,1.0,1.0,1.0,1.0,1.0,1.0,1.0,0.5,1.0,0.0,9.5
Upper Egypt (1400),1400,Upper Egypt,0.0,1.0,1.0,1.0,1.0,1.0,1.0,1.0,1.0,0.5,1.0,0.0,9.5
Upper Egypt (1500),1500,Upper Egypt,0.0,1.0,1.0,1.0,1.0,1.0,1.0,1.0,1.0,0.5,1.0,0.0,9.5
Upper Egypt (1600),1600,Upper Egypt,0.0,1.0,1.0,1.0,1.0,1.0,1.0,1.0,1.0,0.5,1.0,0.0,9.5
Upper Egypt (1700),1700,Upper Egypt,0.0,1.0,1.0,1.0,1.0,1.0,1.0,1.0,1.0,0.5,1.0,0.0,9.5
Upper Egypt (1800),1800,Upper Egypt,0.0,1.0,1.0,1.0,1.0,1.0,1.0,1.0,1.0,0.5,1.0,0.0,9.5
